Algorithm,Percentage,PPV,Recall,F1_Score,F1_Measure,Specificity,NPV,FPR,FNR,FDR,CSI,FM,BA,MCC,BI,MK,FOR,PLR,NLR,PT,DOR,Accuracy,Cohen_Kappa
Adaboost,90/10,1.0,0.9411764705882353,0.9696969696969697,0.9696969696969697,1.0,0.975609756097561,0.0,0.058823529411764705,0.0,0.9411764705882353,0.9696969696969697,0.9705882352941176,0.958238460361173,0.058823529411764705,1.0,0.024390243902439025,inf,0.025,0.9411764705882353,inf,0.9824561403508771,0.9573672400897532
