,PPV,Recall,F1_Score,F1_Measure,Specificity,NPV,FPR,FNR,FDR,CSI,FM,BA,MCC,BI,MK,FOR,PLR,NLR,PT,DOR,Accuracy,Cohen_Kappa,Algorithm,Percentage,CrossFold
0,0.9623655913978495,0.93717277486911,0.9496021220159152,0.9497691831334798,0.9781931464174455,0.9631901840490797,0.021806853582554516,0.06282722513089005,0.03763440860215054,0.9040404040404041,0.9496856489011902,0.9576829606432777,0.9204467475601565,0.9153659212865555,0.9255557754469292,0.03680981595092025,42.97606581899776,0.06422783206055957,0.1323519295506879,669.1190476190477,0.962890625,0.9202439904240317,AdaBoost,Train:90 Test:10,Kfold
0,0.946236559139785,0.9214659685863874,0.9336870026525199,0.9338512638630863,0.9688473520249221,0.9539877300613497,0.03115264797507788,0.07853403141361257,0.053763440860215055,0.8756218905472637,0.933769129645863,0.9451566603056547,0.8952550900238535,0.8903133206113094,0.9002242892011347,0.046012269938650305,29.579057591623037,0.08105924142691201,0.1553117419322753,364.90666666666664,0.951171875,0.8950578821368839,AdaBoost,Train:90 Test:10,Stratified Kfold
0,0.9471153846153846,0.9292452830188679,0.9380952380952382,0.9381803338171262,0.969187675070028,0.9584487534626038,0.03081232492997199,0.07075471698113207,0.052884615384615384,0.8834080717488789,0.9381377849913343,0.949216479044448,0.9019915006875777,0.8984329580888959,0.9055641380779884,0.04155124653739612,30.1582332761578,0.07300414439960737,0.1540440119085264,413.10303030303027,0.9543057996485061,0.9018887444624241,AdaBoost,Train:90 Test:10,HoldOut
