Algorithm,Percentage,PPV,Recall,F1_Score,Accuracy,Cohen_Kappa,TN,FP,FN,TP
AdaBoost,0.1,0.9523809523809523,0.8333333333333334,0.888888888888889,0.9122807017543859,0.8169556840077071,32,1,4,20
