,PPV,Recall,F1_Score,F1_Measure,Specificity,NPV,FPR,FNR,FDR,CSI,FM,BA,MCC,BI,MK,FOR,PLR,NLR,PT,DOR,Accuracy,Cohen_Kappa,Algorithm,Train-Test Split,Hyperparameter
0,0.9375,0.8823529411764706,0.9090909090909091,0.9099264705882353,0.975,0.9512195121951219,0.025,0.11764705882352941,0.0625,0.8333333333333334,0.9095085938862486,0.9286764705882353,0.8728953474852561,0.8573529411764707,0.8887195121951219,0.04878048780487805,35.29411764705882,0.12066365007541478,0.14407384113828609,292.49999999999994,0.9473684210526315,0.8721017202692594,AdaBoost,90%-10%,Grid Search
