,PPV,Recall,F1_Score,F1_Measure,Specificity,NPV,FPR,FNR,FDR,CSI,FM,BA,MCC,BI,MK,FOR,PLR,NLR,PT,DOR,Accuracy,Cohen_Kappa,Algorithm,Train-Test Split,Hyperparameter
0,0.9444444444444444,1.0,0.9714285714285714,0.9722222222222222,0.975,1.0,0.025,0.0,0.05555555555555555,0.9444444444444444,0.97182531580755,0.9875,0.9596006113656522,0.9750000000000001,0.9444444444444444,0.0,40.0,0.0,0.1365270594958143,inf,0.9824561403508771,0.9587852494577005,AdaBoost,90%-10%,Randomized Search
