,PPV,Recall,F1_Score,F1_Measure,Specificity,NPV,FPR,FNR,FDR,CSI,FM,BA,MCC,BI,MK,FOR,PLR,NLR,PT,DOR,Accuracy,Cohen_Kappa,Algorithm,Percentage,CrossFold
0,0.9574468085106383,0.9424083769633508,0.949868073878628,0.9499275927369946,0.9750778816199377,0.9660493827160493,0.024922118380062305,0.05759162303664921,0.0425531914893617,0.9045226130653267,0.9498978328416434,0.9587431292916442,0.9204863199985597,0.9174862585832884,0.9234961912266877,0.033950617283950615,37.81413612565445,0.05906361340180319,0.13987344304490984,640.2272727272727,0.962890625,0.9204136396361018,Extra Trees Classifier,Train:80 Test:20,Kfold
0,0.9572192513368984,0.93717277486911,0.9470899470899472,0.9471960131030042,0.9750778816199377,0.963076923076923,0.024922118380062305,0.06282722513089005,0.0427807486631016,0.8994974874371859,0.9471429786117475,0.9561253282445239,0.9162645847534258,0.9122506564890478,0.9202961744138216,0.036923076923076927,37.60405759162304,0.0644330328019671,0.14020890238864622,583.6145833333335,0.9609375,0.9161356898330903,Extra Trees Classifier,Train:80 Test:20,Stratified Kfold
0,0.9523809523809523,0.9433962264150944,0.9478672985781991,0.9478885893980233,0.9719887955182073,0.9665738161559888,0.028011204481792718,0.05660377358490566,0.047619047619047616,0.9009009009009009,0.947877943928333,0.9576925109666508,0.9171681584927052,0.9153850219333015,0.918954768536941,0.033426183844011144,33.679245283018865,0.058235006253058566,0.1469857148258107,578.3333333333333,0.961335676625659,0.9171421384979943,Extra Trees Classifier,Train:80 Test:20,HoldOut
