,PPV,Recall,F1_Score,F1_Measure,Specificity,NPV,FPR,FNR,FDR,CSI,FM,BA,MCC,BI,MK,FOR,PLR,NLR,PT,DOR,Accuracy,Cohen_Kappa,Algorithm,Percentage,CrossFold
0,0.9886363636363636,0.9109947643979057,0.9482288828337875,0.9498155640171346,0.9937694704049844,0.9494047619047619,0.006230529595015576,0.08900523560209424,0.011363636363636364,0.9015544041450777,0.9490218918265855,0.9523821174014451,0.9212524416053715,0.9047642348028901,0.9380411255411256,0.050595238095238096,146.21465968586386,0.08956326215759326,0.07638295896572465,1632.5294117647059,0.962890625,0.9193847785733227,Linear Discriminant Analysis,Train:75 Test:25,Kfold
0,0.9883720930232558,0.8900523560209425,0.9366391184573003,0.9392122245220991,0.9937694704049844,0.9382352941176471,0.006230529595015576,0.1099476439790576,0.011627906976744186,0.8808290155440415,0.9379247891066207,0.9419109132129635,0.9049617855371732,0.883821826425927,0.9266073871409028,0.061764705882352944,142.85340314136127,0.1106369709005564,0.07720738033948113,1291.1904761904761,0.955078125,0.9019908116385911,Linear Discriminant Analysis,Train:75 Test:25,Stratified Kfold
0,0.9894736842105263,0.8867924528301887,0.9353233830845772,0.9381330685203575,0.9943977591036415,0.9366754617414248,0.0056022408963585435,0.11320754716981132,0.010526315789473684,0.8785046728971962,0.936727172357019,0.9405951059669151,0.9033900388003708,0.8811902119338302,0.9261491459519511,0.0633245382585752,158.2924528301887,0.1138453361679511,0.07362993361975341,1390.4166666666667,0.9543057996485061,0.9001606176355464,Linear Discriminant Analysis,Train:75 Test:25,HoldOut
