,PPV,Recall,F1_Score,F1_Measure,Specificity,NPV,FPR,FNR,FDR,CSI,FM,BA,MCC,BI,MK,FOR,PLR,NLR,PT,DOR,Accuracy,Cohen_Kappa,Algorithm,Percentage
0,1.0,0.9523809523809523,0.975609756097561,0.9761904761904762,1.0,0.972972972972973,0.0,0.047619047619047616,0.0,0.9523809523809523,0.9759000729485332,0.9761904761904762,0.962621902223779,0.9523809523809523,0.972972972972973,0.02702702702702703,inf,0.047619047619047616,0.0,inf,0.9824561403508771,0.9619238476953906,Random Forest,Train:90.0 Test:10.0
0,0.8695652173913043,0.9523809523809523,0.909090909090909,0.9109730848861284,0.9166666666666666,0.9705882352941176,0.08333333333333333,0.047619047619047616,0.13043478260869565,0.8333333333333334,0.9100315103865801,0.9345238095238095,0.8544784126535336,0.8690476190476191,0.840153452685422,0.029411764705882353,11.428571428571429,0.051948051948051945,0.228278344279431,220.00000000000003,0.9298245614035088,0.8521400778210116,Gaussian Naive Bayes,Train:90.0 Test:10.0
0,1.0,0.9523809523809523,0.975609756097561,0.9761904761904762,1.0,0.972972972972973,0.0,0.047619047619047616,0.0,0.9523809523809523,0.9759000729485332,0.9761904761904762,0.962621902223779,0.9523809523809523,0.972972972972973,0.02702702702702703,inf,0.047619047619047616,0.0,inf,0.9824561403508771,0.9619238476953906,Bagging,Train:90.0 Test:10.0
0,1.0,0.9523809523809523,0.975609756097561,0.9761904761904762,1.0,0.972972972972973,0.0,0.047619047619047616,0.0,0.9523809523809523,0.9759000729485332,0.9761904761904762,0.962621902223779,0.9523809523809523,0.972972972972973,0.02702702702702703,inf,0.047619047619047616,0.0,inf,0.9824561403508771,0.9619238476953906,Gradient Boost,Train:90.0 Test:10.0
