,PPV,Recall,F1_Score,F1_Measure,Specificity,NPV,FPR,FNR,FDR,CSI,FM,BA,MCC,BI,MK,FOR,PLR,NLR,PT,DOR,Accuracy,Cohen_Kappa,Algorithm,Percentage
0,0.9423076923076923,0.9245283018867925,0.9333333333333333,0.9334179970972424,0.9666666666666667,0.9560439560439561,0.03333333333333333,0.07547169811320754,0.057692307692307696,0.875,0.9333756642553377,0.9455974842767296,0.8947661532504989,0.8911949685534593,0.8983516483516483,0.04395604395604396,27.735849056603776,0.07807417046193883,0.15957913092680057,355.25000000000006,0.951048951048951,0.8946648426812586,Random Forest,Train:75.0 Test:25.0
0,0.8947368421052632,0.9622641509433962,0.9272727272727272,0.9285004965243298,0.9333333333333333,0.9767441860465116,0.06666666666666667,0.03773584905660377,0.10526315789473684,0.864406779661017,0.9278864088271779,0.9477987421383648,0.8834569691884416,0.8955974842767296,0.8714810281517749,0.023255813953488372,14.433962264150944,0.04043126684636118,0.20836782350364888,357.00000000000006,0.9440559440559441,0.8819157720891825,Gaussian Naive Bayes,Train:75.0 Test:25.0
0,0.9122807017543859,0.9811320754716981,0.9454545454545454,0.946706388613042,0.9444444444444444,0.9883720930232558,0.05555555555555555,0.018867924528301886,0.08771929824561403,0.896551724137931,0.9460802599806519,0.9627882599580713,0.9130296158630548,0.9255765199161425,0.9006527947776417,0.011627906976744186,17.660377358490567,0.019977802441731408,0.19221804566166142,884.0000000000001,0.958041958041958,0.9114368290668868,Bagging,Train:75.0 Test:25.0
0,0.9298245614035088,1.0,0.9636363636363636,0.9649122807017544,0.9555555555555556,1.0,0.044444444444444446,0.0,0.07017543859649122,0.9298245614035088,0.964274111134126,0.9777777777777779,0.9426022625376679,0.9555555555555557,0.9298245614035088,0.0,22.5,0.0,0.17411239489546831,inf,0.972027972027972,0.9409578860445912,Gradient Boost,Train:75.0 Test:25.0
