,PPV,Recall,F1_Score,F1_Measure,Specificity,NPV,FPR,FNR,FDR,CSI,FM,BA,MCC,BI,MK,FOR,PLR,NLR,PT,DOR,Accuracy,Cohen_Kappa,Algorithm,Percentage
0,0.925,0.8809523809523809,0.9024390243902439,0.9029761904761905,0.9583333333333334,0.9324324324324325,0.041666666666666664,0.11904761904761904,0.075,0.8222222222222222,0.9027075674773932,0.9196428571428572,0.8483105513347052,0.8392857142857144,0.8574324324324325,0.06756756756756757,21.142857142857142,0.12422360248447203,0.17863087857349053,170.20000000000002,0.9298245614035088,0.8476953907815632,Random Forest,Train:80.0 Test:20.0
0,0.95,0.9047619047619048,0.9268292682926829,0.9273809523809524,0.9722222222222222,0.9459459459459459,0.027777777777777776,0.09523809523809523,0.05,0.8636363636363636,0.9271050693011065,0.9384920634920635,0.8864143349643965,0.876984126984127,0.8959459459459458,0.05405405405405406,32.57142857142858,0.09795918367346938,0.1490948810446894,332.50000000000006,0.9473684210526315,0.8857715430861722,Gaussian Naive Bayes,Train:80.0 Test:20.0
0,0.972972972972973,0.8571428571428571,0.9113924050632912,0.915057915057915,0.9861111111111112,0.922077922077922,0.013888888888888888,0.14285714285714285,0.02702702702702703,0.8372093023255814,0.9132233209773138,0.9216269841269842,0.8687664928166448,0.8432539682539684,0.8950508950508951,0.07792207792207792,61.714285714285715,0.14486921529175048,0.11291978432816491,426.00000000000006,0.9385964912280702,0.8646998982706002,Bagging,Train:80.0 Test:20.0
0,0.9230769230769231,0.8571428571428571,0.888888888888889,0.8901098901098901,0.9583333333333334,0.92,0.041666666666666664,0.14285714285714285,0.07692307692307693,0.8,0.8894991799933214,0.9077380952380952,0.8291617197562593,0.8154761904761905,0.8430769230769233,0.08,20.571428571428573,0.14906832298136644,0.1806497498742707,138.00000000000003,0.9210526315789473,0.8277945619335346,Gradient Boost,Train:80.0 Test:20.0
